<?xml version="1.0" encoding="UTF-8"?>
<suren:autotest xmlns:suren="http://surenpi.com"
	xmlns:xsi="http://www.w3.org/2001/XMLSchema-instance"
	xsi:schemaLocation="http://surenpi.com
		http://surenpi.com/schema/autotest/autotest.web.framework.xsd ">
	<suren:engine />
	<suren:pages>
		<suren:page class="com.siteazure.demo.page.ClickMenuPage"
				url="http://www.siteazure.gov.cn/manage/index">
			<suren:field name="ParentNode_MyWork" byLinkText="我的工作" />
			<suren:field name="ChirldrenNode_MyWorkbench" byLinkText="我的工作台" />
			<suren:field name="ChirldrenNode_MessageListNavigation" byLinkText="我的站内短消息" />
			<suren:field name="ChirldrenNode_ContentManage" byLinkText="内容管理" />
			<suren:field name="ChirldrenNode_drafts" byLinkText="草稿箱" />
			<suren:field name="ChirldrenNode_RejectionBox" byLinkText="退稿箱" />
		
		</suren:page>
	</suren:pages>
</suren:autotest>